Inception,15480
The Dark Knight,12481
Avatar,14551
The Avengers,17818
Deadpool,26564
Interstellar,22879
Django Unchained,20051
Guardians of the Galaxy,23753
Fight Club,2843
The Hunger Games,18244
Mad Max: Fury Road,26553
The Dark Knight Rises,18252
The Matrix,2458
Iron Man,12588
Iron Man 3,20830
The Lord of the Rings: The Fellowship of the Ring,4863
Jurassic World,25084
Pulp Fiction,292
The Hobbit: An Unexpected Journey,19971
The Shawshank Redemption,314
The Lord of the Rings: The Return of the King,7000
Forrest Gump,351
Star Wars: The Force Awakens,26555
Titanic,1639
Skyfall,19261
Suicide Squad,30543
The Lord of the Rings: The Two Towers,5814
Batman Begins,10122
Captain America: Civil War,26567
The Martian,30051
Pirates of the Caribbean: The Curse of the Black Pearl,6390
Batman v Superman: Dawn of Justice,31072
Harry Potter and the Philosopher's Stone,4766
Captain America: The First Avenger,17444
Up,13724
Iron Man 2,15153
Avengers: Age of Ultron,26558
Star Wars,256
The Wolf of Wall Street,22131
Inside Out,30315
The Amazing Spider-Man,19129
Thor,16974
The Hunger Games: Catching Fire,22058
Inglourious Basterds,13605
Despicable Me,15472
Shutter Island,14825
The Revenant,31865
Man of Steel,21068
WALL·E,12704
The Hangover,13746
Logan,42170
Finding Nemo,6232
Big Hero 6,24455
Back to the Future,1225
X-Men: Days of Future Past,23359
"Monsters, Inc.",4756
Harry Potter and the Deathly Hallows: Part 2,17437
Kingsman: The Secret Service,25534
Lucy,23358
Harry Potter and the Prisoner of Azkaban,7725
Ant-Man,26562
The Godfather,834
Gone Girl,23675
The Empire Strikes Back,1154
Harry Potter and the Chamber of Secrets,5678
Se7en,46
Life of Pi,19735
The Imitation Game,24860
Sherlock Holmes,14557
Captain America: The Winter Soldier,23053
Doctor Strange,26568
Gravity,21592
The Hunger Games: Mockingjay - Part 1,24873
Harry Potter and the Goblet of Fire,10554
Arrival,40598
Harry Potter and the Deathly Hallows: Part 1,16128
World War Z,21130
Now You See Me,21025
Harry Potter and the Order of the Phoenix,11927
Fantastic Beasts and Where to Find Them,30401
Gladiator,3456
The Maze Runner,24121
Beauty and the Beast,42222
The Lion King,359
John Wick,24351
Frozen,22110
Harry Potter and the Half-Blood Prince,13893
Toy Story,0
The Intouchables,18465
Spider-Man,5215
Pirates of the Caribbean: Dead Man's Chest,11008
The Incredibles,8234
Fast & Furious 6,20970
X-Men: First Class,17217
Prometheus,18995
Saving Private Ryan,1919
Rogue One: A Star Wars Story,41489
300,11662
Kill Bill: Vol. 1,6725
Pirates of the Caribbean: On Stranger Tides,17124
Wonder Woman,33356
2012,14416
Edge of Tomorrow,23465
I Am Legend,12217
Zootopia,36253
Jurassic Park,475
Pacific Rim,21123
The Hobbit: The Battle of the Five Armies,25390
Thor: The Dark World,21941
Ex Machina,24482
Oblivion,20750
Guardians of the Galaxy Vol. 2,26566
Silver Linings Playbook,19731
X-Men: Apocalypse,26569
Ted,19109
Divergent,22525
Looper,19394
Alice in Wonderland,14892
Return of the Jedi,1167
Brave,19071
Kick-Ass,15017
La La Land,40882
Minions,30700
Despicable Me 2,21161
Toy Story 3,15348
The Truman Show,1604
Birdman,23561
Wreck-It Ralph,19726
The Grand Budapest Hotel,22841
The Hobbit: The Desolation of Smaug,22059
Pirates of the Caribbean: At World's End,11827
Maleficent,23437
American Sniper,24241
Star Trek,13643
Alien,1171
V for Vendetta,10839
Black Swan,16066
Spectre,30761
The Silence of the Lambs,586
Star Wars: Episode I - The Phantom Menace,2514
Men in Black,1508
Dawn of the Planet of the Apes,23692
The Prestige,11354
Ratatouille,11567
Star Trek Into Darkness,20922
Split,41492
The Departed,11316
Rise of the Planet of the Apes,17588
Taken,12595
Schindler's List,522
Spider-Man 2,7909
The Hateful Eight,28131
Whiplash,23673
Finding Dory,38176
How to Train Your Dragon,14984
Leon: The Professional,289
Terminator 2: Judgment Day,582
The Amazing Spider-Man 2,23187
Furious 7,28830
Men in Black 3,18972
Her,22168
The Terminator,1195
Star Wars: Episode III - Revenge of the Sith,10069
Shrek,4178
X-Men,3671
Memento,4099
The Green Mile,3030
21 Jump Street,18723
Passengers,41536
The Hunger Games: Mockingjay - Part 2,30396
Transformers,11925
The Wolverine,21296
X-Men Origins: Wolverine,13635
Star Wars: Episode II - Attack of the Clones,5244
Kill Bill: Vol. 2,7271
Fury,24366
Mission: Impossible - Ghost Protocol,18289
Die Hard,1007
Cars,10979
Sherlock Holmes: A Game of Shadows,18258
Spirited Away,5481
The Fifth Element,1460
Ice Age,5084
Raiders of the Lost Ark,1156
Casino Royale,11404
Back to the Future Part II,1902
Insurgent,28780
Catch Me If You Can,5851
Toy Story 2,2997
The Shining,1213
"I, Robot",7917
Limitless,16572
The Great Gatsby,20910
The Fault in Our Stars,23512
Ocean's Eleven,4833
The Hangover Part II,17136
Blade Runner,536
Drive,17439
Reservoir Dogs,1057
The Fate of the Furious,43255
12 Years a Slave,21878
Charlie and the Chocolate Factory,9536
Eternal Sunshine of the Spotless Mind,7208
Edward Scissorhands,2178
Twilight,13133
Spider-Man 3,11780
Terminator Genisys,25865
Zombieland,14236
Life Is Beautiful,2211
The Bourne Identity,5284
Monsters University,21101
X-Men: The Last Stand,10973
Oz: The Great and Powerful,20544
Donnie Darko,4748
X2,6195
The Secret Life of Pets,30499
A Good Day to Die Hard,20447
In Time,17980
Elysium,21131
The Matrix Reloaded,6221
Aladdin,581
The Social Network,15798
The Fast and the Furious,4241
Nightcrawler,24445
Argo,19590
Moana,41457
District 9,13966
American Beauty,2742
A Clockwork Orange,1163
Tangled,16130
The Godfather: Part II,1178
Braveheart,108
The Theory of Everything,24982
Amélie,4843
The Curious Case of Benjamin Button,13219
22 Jump Street,23553
Now You See Me 2,38850
E.T. the Extra-Terrestrial,1065
Transformers: Dark of the Moon,17293
Fifty Shades of Grey,27478
Independence Day,760
The Usual Suspects,49
Madagascar,10089
Cast Away,3897
Hacksaw Ridge,40416
Hansel & Gretel: Witch Hunters,20335
Aliens,1158
Mission: Impossible - Rogue Nation,23472
Godzilla,23360
Kung Fu Panda,12648
The Sixth Sense,2647
Indiana Jones and the Last Crusade,1246
The Secret Life of Walter Mitty,22167
Miss Peregrine's Home for Peculiar Children,40025
GoodFellas,1170
The Devil Wears Prada,11007
Transformers: Revenge of the Fallen,13833
Men in Black II,5325
Snow White and the Huntsman,18973
Prisoners,21604
Gran Torino,13187
The Conjuring,21276
How to Train Your Dragon 2,23557
The Notebook,7834
Kong: Skull Island,42171
The Matrix Revolutions,6783
Maze Runner: The Scorch Trials,25206
Into the Wild,12083
Transformers: Age of Extinction,23617
The Lego Movie,22718
Chappie,25797
Pan's Labyrinth,11308
Bruce Almighty,6228
American History X,2216
A Beautiful Mind,4865
The Incredible Hulk,12700
No Country for Old Men,12170
Shrek 2,7717
2001: A Space Odyssey,897
The Perks of Being a Wallflower,19460
We're the Millers,21407
Hancock,12706
Mr. & Mrs. Smith,10104
Jack Reacher,20050
G.I. Joe: Retaliation,20536
Fantastic Four,10192
Ice Age: The Meltdown,10826
Cloud Atlas,19669
Beauty and the Beast,588
San Andreas,29575
Scarface,4135
Quantum of Solace,13061
Olympus Has Fallen,20620
One Flew Over the Cuckoo's Nest,1152
The Big Lebowski,1650
The Equalizer,23555
(500) Days of Summer,13874
The Hangover Part III,20968
Back to the Future Part III,1903
Get Out,42169
The Expendables,15608
The Jungle Book,31390
Dallas Buyers Club,21948
Snatch,3886
Night at the Museum,11123
The Expendables 2,18239
The Bourne Ultimatum,11965
John Wick: Chapter 2,42168
Slumdog Millionaire,13060
Snowpiercer,22300
Tomorrowland,29291
TRON: Legacy,16279
Watchmen,12815
Good Will Hunting,1624
The Bourne Supremacy,7938
American Hustle,22166
RED,15989
Indiana Jones and the Temple of Doom,2006
Troy,7291
Room,32144
The King's Speech,16129
Jupiter Ascending,23896
Pirates of the Caribbean: Dead Men Tell No Tales,26560
The Mummy,2503
Dead Poets Society,1201
Taken 2,19473
Assassin's Creed,41809
Neighbors,23309
The Da Vinci Code,10972
Sin City,9888
Source Code,16833
Spotlight,33041
Real Steel,17935
Trainspotting,758
Ice Age: Continental Drift,19139
Dunkirk,44678
"The Chronicles of Narnia: The Lion, the Witch and the Wardrobe",10597
Warm Bodies,20022
The Bourne Legacy,18255
The Big Short,35110
Alien: Covenant,42902
Teenage Mutant Ninja Turtles,23897
Mission: Impossible,638
Me Before You,36223
127 Hours,16057
Minority Report,5311
Fantastic 4: Rise of the Silver Surfer,11864
The Twilight Saga: Breaking Dawn - Part 2,19814
Star Trek Beyond,30557
Jack the Giant Slayer,20527
Bridge of Spies,33369
Taxi Driver,109
Jaws,1338
Hotel Transylvania,19569
The Twilight Saga: Breaking Dawn - Part 1,18150
The Pursuit of Happyness,11138
Full Metal Jacket,1179
Spy,30134
Focus,28443
Wanted,12705
After Earth,21018
Pixels,30398
Indiana Jones and the Kingdom of the Crystal Skull,12625
Underworld,6605
Green Lantern,17272
Independence Day: Resurgence,30556
The Mask,362
Ghost in the Shell,42309
Armageddon,1808
Total Recall,19218
10 Cloverfield Lane,36251
The Lost World: Jurassic Park,1474
Requiem for a Dream,3824
Ted 2,30690
"Crazy, Stupid, Love.",17447
Million Dollar Baby,9522
The Twilight Saga: New Moon,14425
The Purge,21080
Terminator Salvation,13693
Super 8,17238
Captain Phillips,21792
Fast Five,17052
The Legend of Tarzan,39331
Home Alone,579
Shaun of the Dead,8147
The Girl with the Dragon Tattoo,18293
Twelve Monkeys,31
Sicario,31954
The Day After Tomorrow,7718
Home Alone 2: Lost in New York,2837
Flight,19732
The Croods,20550
Dracula Untold,24278
300: Rise of an Empire,22927
Ghostbusters,2601
Cinderella,28664
Fast & Furious,13581
Jumanji,1
Noah,23062
Psycho,1176
King Kong,10598
Mean Girls,7284
War of the Worlds,10177
This Is the End,20829
Jason Bourne,39287
RoboCop,22723
Dark Shadows,18924
The Twilight Saga: Eclipse,15408
The Nice Guys,38501
A Bug's Life,2242
Prince of Persia: The Sands of Time,15265
"The Good, the Bad and the Ugly",1159
Sing,41688
The Lone Ranger,21175
The Magnificent Seven,39932
Groundhog Day,1220
American Pie,2591
Shrek the Third,11825
Ender's Game,21922
Blood Diamond,11437
Horrible Bosses,17358
Fifty Shades Darker,42355
The Interview,25532
Transcendence,23234
The Boss Baby,42235
The Simpsons Movie,11959
Ice Age: Dawn of the Dinosaurs,13848
Warcraft,26557
Fantastic Four,26563
Inferno,40951
The Cabin in the Woods,18796
Juno,12230
Rush,21611
Pitch Perfect,19384
Sausage Party,38753
The Man from U.N.C.L.E.,31444
Friends with Benefits,17508
Non-Stop,22899
Cloverfield,12328
Easy A,15814
Clash of the Titans,15006
Hellboy,7220
Kick-Ass 2,21417
Nerve,39463
The Mummy Returns,4142
Saw,8230
Hot Fuzz,11617
Lara Croft: Tomb Raider,4239
Taken 3,25835
Rio,16964
The Book of Eli,14631
Ghostbusters,39149
Hugo,18092
The Breakfast Club,1859
Scott Pilgrim vs. the World,15609
Angels & Demons,13670
Hidden Figures,41540
Terminator 3: Rise of the Machines,6388
John Carter,18685
Ocean's Twelve,8257
Click,11002
50 First Dates,7140
Superbad,11985
Batman,585
Battleship,18833
About Time,21460
The Nightmare Before Christmas,546
12 Angry Men,1161
Predator,3406
American Psycho,3413
Salt,15516
The Mummy,43238
Live Free or Die Hard,11921
The Accountant,40028
Children of Men,11353
The Butterfly Effect,7101
Southpaw,31953
Apocalypse Now,1165
Jurassic Park III,4509
Sully,39475
Resident Evil,5085
The Adventures of Tintin,18069
Rango,16738
Die Hard: With a Vengeance,162
Seven Pounds,13198
Mulan,1798
Cars 2,17361
2 Fast 2 Furious,6238
Baby Driver,43644
Zodiac,11646
Fargo,600
Percy Jackson & the Olympians: The Lightning Thief,14841
The Impossible,20060
Riddick,21418
Big Fish,6994
Allegiant,30400
Mission: Impossible III,10952
Cowboys & Aliens,16492
The Age of Adaline,29463
Midnight in Paris,17125
Howl's Moving Castle,9698
The Exorcist,1888
Princess Mononoke,2884
Ocean's Thirteen,11845
Night at the Museum: Battle of the Smithsonian,13694
Shrek Forever After,15372
The 40 Year Old Virgin,10301
The Conjuring 2,39097
A.I. Artificial Intelligence,4242
Boyhood,23594
The Purge: Anarchy,23748
Despicable Me 3,44009
Oldboy,9430
Paper Towns,28171
Pitch Perfect 2,29799
Unbreakable,3869
The 5th Wave,34978
Nocturnal Animals,35353
G.I. Joe: The Rise of Cobra,13975
Rise of the Guardians,19825
National Treasure,8245
The Terminal,7830
Snow White and the Seven Dwarfs,587
Predestination,24315
Dredd,19432
Megamind,16058
The Help,17603
Mission: Impossible II,3501
Chronicle,18499
Gangs of New York,5818
Creed,34502
Life,42853
Exodus: Gods and Kings,24897
Corpse Bride,10385
Blade,2058
The Italian Job,6233
The Last Samurai,6991
Lost in Translation,6562
The Pianist,5857
The Intern,32117
Kung Fu Panda 2,17213
Les Misérables,20062
The Little Mermaid,1972
Die Hard 2,1321
Love Actually,6791
White House Down,21162
It Follows,26031
Dumb and Dumber,227
Night at the Museum: Secret of the Tomb,25539
The Babadook,23665
Heat,5
Underworld: Awakening,18382
The Hurt Locker,13817
Yes Man,13221
Madagascar: Escape 2 Africa,13053
The Giver,23906
The Host,20670
The Proposal,13798
Madagascar 3: Europe's Most Wanted,19051
Jumper,12405
City of God,5878
Gattaca,1575
Rocky,1845
Jack Reacher: Never Go Back,41053
Constantine,9709
The Girl on the Train,40026
Pearl Harbor,4182
Black Hawk Down,4880
Moonlight,39962
Moon,13622
Don't Breathe,39688
The Expendables 3,23767
Baywatch,43231
Paul,16705
The World's End,21163
28 Days Later,6353
Speed,372
The Island,10221
Pitch Black,3182
Pretty Woman,590
Everest,33022
Gangster Squad,20206
Cloudy with a Chance of Meatballs,14167
Bolt,13129
The Jungle Book,1969
The Dictator,18953
The Good Dinosaur,30759
Alice Through the Looking Glass,38727
National Treasure: Book of Secrets,12278
Insidious,16884
Sleepy Hollow,2964
Hachi: A Dog's Tale,14625
10 Things I Hate About You,2459
Rain Man,1852
Cinderella,993
Evil Dead,20720
Ghost Rider,11592
The Fast and the Furious: Tokyo Drift,11054
Grown Ups,15481
Sweeney Todd: The Demon Barber of Fleet Street,12277
Total Recall,2800
The Tourist,16220
Meet the Parents,3823
Monty Python and the Holy Grail,1100
Hercules,1495
Due Date,16054
The A-Team,15344
Top Gun,1069
Sex Tape,23737
My Neighbor Totoro,5833
Bad Boys,142
Little Miss Sunshine,11073
The Transporter,5439
Zero Dark Thirty,20008
Hitch,9704
The Ring,5542
Tarzan,2572
Don Jon,21698
The Others,4591
Tropic Thunder,12883
Hercules,23772
Batman Returns,1328
True Grit,16278
Moonrise Kingdom,19016
Lion,41128
Central Intelligence,39224
Bridesmaids,17107
The Internship,20932
The Place Beyond the Pines,20663
The Wizard of Oz,892
The Danish Girl,32757
Into the Woods,25503
Escape Plan,21830
Percy Jackson: Sea of Monsters,21380
Ace Ventura: Pet Detective,339
The Adjustment Bureau,16742
8 Mile,5672
War for the Planet of the Apes,44274
The Karate Kid,15496
Van Helsing,7287
Inside Man,10843
"Lock, Stock and Two Smoking Barrels",2429
The Chronicles of Narnia: Prince Caspian,12614
Identity Thief,20413
Training Day,4646
Alien³,1273
Sucker Punch,16842
"Love, Rosie",24465
The Illusionist,11201
London Has Fallen,36252
The Mortal Instruments: City of Bones,21438
From Dusk Till Dawn,69
One Hundred and One Dalmatians,1976
American Reunion,18793
Mrs. Doubtfire,495
Apollo 13,147
Bad Teacher,17283
Grease,1331
Kung Fu Panda 3,35387
The Thing,2175
Gremlins,1894
The Blind Side,14465
Signs,5368
Project X,18667
The Shallows,38607
Underworld: Blood Wars,41502
Joy,32459
Resident Evil: Retribution,19418
Borat: Cultural Learnings of America for Make Benefit Glorious Nation of Kazakhstan,11306
There's Something About Mary,1814
Mr. Nobody,15530
Face/Off,1502
Shark Tale,8180
Sinister,19561
2 Guns,21337
Steve Jobs,30942
I Am Number Four,16763
Pain & Gain,20799
The Heat,21171
The Chronicles of Riddick,7728
The Godfather: Part III,1914
Annabelle,24258
Bad Boys II,6399
Just Go with It,16818
Equilibrium,5765
Starship Troopers,1598
Knight and Day,15487
Man on Fire,7278
There Will Be Blood,12280
Jackie Brown,1647
Spring Breakers,20598
Horrible Bosses 2,25110
The Huntsman: Winter's War,37926
Hulk,6385
Captain Fantastic,38798
Stand by Me,1214
Hook,3368
The Goonies,1896
Need for Speed,22981
Interview with the Vampire,249
Alice in Wonderland,1003
The Game,1551
Blade II,5120
Hellboy II: The Golden Army,12365
The Chronicles of Narnia: The Voyage of the Dawn Treader,16210
Manchester by the Sea,41127
Collateral Beauty,41280
Daredevil,6019
Lone Survivor,22206
Underworld: Evolution,10709
RED 2,21309
The Monuments Men,22716
Mars Attacks!,1342
The Emperor's New Groove,3891
Home,28795
Brokeback Mountain,10450
Rear Window,877
Batman Forever,150
The Book Thief,22043
Knowing,13502
Hotel Transylvania 2,33246
American Gangster,12165
The Sorcerer's Apprentice,15483
The Aviator,9542
The Polar Express,8238
First Blood,2290
Anchorman: The Legend of Ron Burgundy,7914
Law Abiding Citizen,14301
Lemony Snicket's A Series of Unfortunate Events,9392
Scream,1356
Déjà Vu,11407
The Princess Bride,1155
Mulholland Drive,4718
The Town,15807
Enchanted,12210
The Fighter,16144
Gone in Sixty Seconds,3595
Pocahontas,47
King Arthur: Legend of the Sword,42214
Carrie,21841
xXx: Return of Xander Cage,41972
Shooter,11692
A Million Ways to Die in the West,23459
Crimson Peak,28290
RoboCop,2869
The Boy in the Striped Pyjamas,13137
Neighbors 2: Sorority Rising,37927
Anastasia,1610
Deepwater Horizon,40024
Collateral,8071
The Grey,18383
Beetlejuice,2065
The Rock,716
The Lego Batman Movie,41976
Mystic River,6721
Dr. Strangelove or: How I Learned to Stop Worrying and Love the Bomb,732
The Witch,32182
The Iron Giant,2646
Scary Movie,3663
Parker,20324
The Other Woman,23245
Who Framed Roger Rabbit,2871
The Great Wall,41642
Monsters vs Aliens,13524
Casablanca,885
Battle: Los Angeles,16769
Wrath of the Titans,18779
Happy Feet,11405
Lincoln,19799
Liar Liar,1425
xXx,5373
School of Rock,6714
Mama,20262
Bambi,1909
Batman & Robin,1491
Underworld: Rise of the Lycans,13317
Lara Croft Tomb Raider: The Cradle of Life,6415
Transformers: The Last Knight,44842
How the Grinch Stole Christmas,3863
The Mist,12209
Unbroken,25393
Mamma Mia!,12768
Robin Hood,15202
The Judge,24357
Coraline,13371
Superman Returns,11067
Dirty Grandpa,36133
The Untouchables,2085
The Mummy: Tomb of the Dragon Emperor,12849
Final Destination,3290
If I Stay,23962
Allied,40914
In Bruges,12368
The Devil's Advocate,1567
Pinocchio,589
Meet the Fockers,9547
This Means War,18678
Brother Bear,6740
Moneyball,17758
The Other Guys,15581
Wedding Crashers,10196
21,12508
Pride & Prejudice,10545
Romeo + Juliet,1029
The Visit,32304
Bridget Jones's Diary,4119
Marley & Me,13258
War Dogs,39539
17 Again,13602
Alien: Resurrection,1612
Robots,9771
Resident Evil: Afterlife,15776
Straight Outta Compton,32372
Ghost,580
Peter Pan,1978
Penguins of Madagascar,25184
American Pie 2,4589
The DUFF,27665
1408,11917
Dirty Dancing,1056
Lilo & Stitch,5310
Public Enemies,13847
Lethal Weapon,1891
No Strings Attached,16621
Zoolander,4686
Safe House,18524
Death Proof,11869
47 Ronin,22060
The Purge: Election Year,39332
Lord of War,10336
Lucky Number Slevin,10881
Journey to the Center of the Earth,12789
Blow,4112
Paranormal Activity,14192
Contagion,17750
Moulin Rouge!,4180
The Golden Compass,12216
The Last Witch Hunter,30541
Casino,15
Side Effects,20410
L.A. Confidential,1544
The Lobster,29916
The Hitchhiker's Guide to the Galaxy,9977
Ferris Bueller's Day Off,2802
Contact,1512
"Hail, Caesar!",33533
Space Jam,662
Sleeping Beauty,1987
The Vow,18525
Enemy,22658
Power Rangers,42901
Fear and Loathing in Las Vegas,1775
Antz,2181
The Royal Tenenbaums,4849
Sin City: A Dame to Kill For,23957
Notting Hill,2556
Ip Man,13286
Resident Evil: Extinction,12080
Hell or High Water,39663
Panic Room,5132
Gods of Egypt,36245
Dear John,14873
In the Heart of the Sea,25055
Warrior,17828
Abraham Lincoln: Vampire Hunter,19082
Orphan,13948
Hannibal,4022
Pompeii,23289
The Princess and the Frog,14496
9,14117
Con Air,1482
Saw II,10480
Unknown,16670
The Aristocats,608
Serenity,10240
Bad Moms,39662
50/50,17848
Resident Evil: Apocalypse,8134
Snowden,38305
Begin Again,23422
Hanna,16946
The Last Stand,20261
The Machinist,8223
R.I.P.D.,21262
Blade: Trinity,8258
The Call,20619
The Green Hornet,16437
The Beach,3167
Planet of the Apes,4514
Finding Neverland,8243
Love & Other Drugs,16209
Enemy of the State,2240
Eyes Wide Shut,2597
Black Mass,30760
13 Going on 30,7277
The Holiday,11411
Atlantis: The Lost Empire,4238
Saving Mr. Banks,22224
Knocked Up,11811
Rush Hour,2160
Charlie's Angels,3852
Apocalypto,11296
Burn After Reading,12910
Up in the Air,14334
Citizen Kane,896
AVP: Alien vs. Predator,8083
Lady and the Tramp,1971
The Fugitive,452
The Woman in Black,18500
Insidious: Chapter 2,21609
Mechanic: Resurrection,39920
Platoon,1058
Big Eyes,25501
Brooklyn,27819
Mad Max,3580
Let's Be Cops,23918
Predators,15463
Life of Brian,1048
28 Weeks Later,11815
How to Be Single,35249
Seven Psychopaths,19591
Surrogates,14234
Vacation,30958
Mary Poppins,999
Stardust,11955
Alvin and the Chipmunks,12218
A Nightmare on Elm Street,1299
The Mask of Zorro,1897
3:10 to Yuma,12042
Sunshine,11732
Bee Movie,12166
Fantastic Mr. Fox,14378
Dumbo,1000
Death Race,12893
The Bling Ring,21099
Why Him?,41680
Chef,23379
The Smurfs,17498
Perfume: The Story of a Murderer,11377
Valkyrie,13224
Jack Ryan: Shadow Recruit,22524
Forgetting Sarah Marshall,12540
Evan Almighty,11924
GoldenEye,9
Unstoppable,16114
Trainwreck,30146
Chicken Run,3629
Kingdom of Heaven,10012
End of Watch,19455
Jobs,21435
Hitman: Agent 47,29705
The Hunchback of Notre Dame,763
Insomnia,5254
The League of Extraordinary Gentlemen,6392
Grown Ups 2,21410
The Last Airbender,15422
Donnie Brasco,1409
Lights Out,39335
Meet Joe Black,2227
Crash,10014
Crank,11152
Machete,15735
Ice Age: Collision Course,39334
Pineapple Express,12866
Run All Night,28624
Ghost Rider: Spirit of Vengeance,18609
Vertigo,876
Once Upon a Time in the West,1166
American Wedding,6437
Snitch,20498
Robin Hood,2917
The Walk,31484
Changeling,13057
Invictus,14494
Date Night,15026
Mirror Mirror,18832
Bridge to Terabithia,11537
A Walk Among the Tombstones,24140
"O Brother, Where Art Thou?",3902
Epic,20971
Red Dragon,5493
Dumb and Dumber To,24939
Resident Evil: The Final Chapter,42271
The Bucket List,12254
True Lies,375
A Christmas Carol,14394
Match Point,10585
The Butler,21446
The Boy,36087
Unforgiven,1221
Ghostbusters II,2602
The Patriot,3631
Ace Ventura: When Nature Calls,18
Blue Jasmine,21349
Still Alice,25199
Being John Malkovich,2881
Close Encounters of the Third Kind,3351
Self/less,30534
Under the Skin,22980
Over the Hedge,10969
Blue Is the Warmest Color,21745
Serial (Bad) Weddings,23467
The Road,13059
Die Another Day,5734
Transporter 3,13135
Planet Terror,12041
Amadeus,1182
Airplane!,2676
Once Upon a Time in America,1184
Saw III,11365
It's a Wonderful Life,926
Road to Perdition,5330
Cube,2121
The Village,8056
The Lovely Bones,14493
Vanilla Sky,4845
American Ultra,32370
Money Monster,38140
Upside Down,20383
Turbo,21293
Silent Hill,10942
The Blues Brothers,1177
Unfriended,28831
Step Up,11170
Little Fockers,16346
The Blair Witch Project,2595
Identity,6185
I Origins,23743
Dracula,1291
Phone Booth,6143
Misery,3378
Step Brothers,12826
Dances with Wolves,583
The Longest Ride,29438
Babel,11087
Breakfast at Tiffany's,875
Mud,20850
Oculus,23200
Rush Hour 2,4572
Mortdecai,27477
The Gift,32174
Transporter 2,10332
The Raid,18795
Atonement,12049
The Artist,17857
Godzilla,1773
Rings,42096
The Spectacular Now,21219
Get Smart,12713
You Don't Mess with the Zohan,12675
Office Space,2389
Halloween,1873
Lethal Weapon 2,1892
The Mechanic,16760
The Princess Diaries,4571
North by Northwest,881
Magic Mike,19112
Downfall,9647
The Day the Earth Stood Still,13172
A Walk to Remember,4936
Lawless,19340
Trolls,40969
The Family,21614
The Man in the Iron Mask,1702
Vicky Cristina Barcelona,12855
Journey 2: The Mysterious Island,18554
The Angry Birds Movie,38196
High School Musical,11034
The Lorax,18668
Final Destination 2,5920
Casper,155
The Number 23,11596
Annie Hall,1186
Valentine's Day,14822
Wild Wild West,2586
Superman,2526
Dawn of the Dead,7207
Eagle Eye,12975
The Fly,2342
Disturbia,11746
The Lion King 2: Simba's Pride,9115
Gone Baby Gone,12101
Austin Powers: The Spy Who Shagged Me,2568
The Boy Next Door,28207
Austin Powers: International Man of Mystery,1451
The NeverEnding Story,2052
The Wrestler,13204
Your Name.,40251
The Descent,10550
Blended,23421
The BFG,38735
Johnny English Reborn,18006
Enemy at the Gates,4096
A Monster Calls,40596
Big,2682
Goosebumps,33833
What Women Want,3893
The Girl with the Dragon Tattoo,13507
The Naked Gun: From the Files of Police Squad!,3744
That Awkward Moment,22877
Scary Movie 2,4260
Philadelphia,503
Demolition Man,437
Beautiful Creatures,20442
Waterworld,205
War Horse,18155
The Circle,33361
Carol,29865
27 Dresses,12300
P.S. I Love You,12298
Rambo,12356
The Tree of Life,17130
DodgeBall: A True Underdog Story,7829
Secret Window,7194
Elf,6785
Ouija,24438
One Day,17454
Insidious: Chapter 3,26554
The Ugly Truth,13952
Goldfinger,2831
Final Destination 3,10776
Stuart Little,3040
Bicentennial Man,3039
Let the Right One In,12891
Rio 2,23224
Austin Powers in Goldmember,5347
Gone with the Wind,893
Drag Me to Hell,13723
Legend,32730
Battle Royale,6870
Eragon,11445
He's Just Not That Into You,13381
For a Few Dollars More,3559
Abduction,18007
Miss Congeniality,3900
Beverly Hills Cop,3959
Before Sunrise,212
Train to Busan,39821
Teenage Mutant Ninja Turtles: Out of the Shadows,39038
Rocky IV,2298
Kubo and the Two Strings,40015
Hitman,12211
The Lucky One,18895
Mad Max 2: The Road Warrior,3581
Remember Me,14915
Seventh Son,25622
The Crow,348
Treasure Planet,5744
Chocolat,3889
Pan,28764
The Lives of Others,10863
Carrie,1297
Trance,20721
Grave of the Fireflies,5553
Burnt,33063
Chicken Little,10520
When Harry Met Sally...,1261
Bridget Jones's Baby,40020
The Taking of Pelham 1 2 3,13780
The Hunt for Red October,1537
Raging Bull,1185
The Happening,12699
Twister,719
The Sound of Music,1006
Foxcatcher,24640
13 Hours: The Secret Soldiers of Benghazi,31485
Me and Earl and the Dying Girl,27866
Wild,25467
Get Hard,28940
The Birds,1286
The Last Song,15129
Red Riding Hood,16827
Planet of the Apes,2416
Alexander,8250
"Me, Myself & Irene",3630
The Descendants,18146
[REC],12320
Dr. No,2833
Ponyo,13264
Project Almanac,27815
The Edge of Seventeen,39773
Frankenweenie,19556
"Crouching Tiger, Hidden Dragon",3871
What Happens in Vegas,12604
Rocky II,2296
Scary Movie 3,6739
Swordfish,4216
The Hunt,19461
As Good as It Gets,1689
Tower Heist,18063
The Three Musketeers,17979
Coming to America,4361
What's Eating Gilbert Grape,332
21 Grams,6802
The Deer Hunter,1218
Stargate,312
Jerry Maguire,1344
Tomorrow Never Dies,1640
Anchorman 2: The Legend Continues,22285
Chinatown,1207
A Cure for Wellness,41929
Saw IV,12141
Robin Hood: Prince of Thieves,998
Anger Management,6149
Cloudy with a Chance of Meatballs 2,21780
Man on a Ledge,18384
The Sword in the Stone,996
"10,000 BC",12441
A Knight's Tale,4171
Scream 4,16963
Charlie's Angels: Full Throttle,6354
We Bought a Zoo,18291
The Next Three Days,16117
Horton Hears a Who!,12444
Natural Born Killers,284
The Neon Demon,37499
Bedtime Stories,13241
Spaceballs,2916
The Ides of March,17835
Poltergeist,28763
The Lincoln Lawyer,16623
Body of Lies,13000
Freaky Friday,6444
"South Park: Bigger, Longer & Uncut",2585
Melancholia,16972
Hostel,10702
The Evil Dead,3979
The Karate Kid,2307
Monster House,11114
Blue Valentine,15241
Hot Tub Time Machine,14977
A Fistful of Dollars,2835
This Is 40,20052
Flushed Away,11376
The Legend of Zorro,10476
Fracture,11763
Legally Blonde,4319
Valerian and the City of a Thousand Planets,44337
LOL,19509
Mike and Dave Need Wedding Dates,39333
Kiss Kiss Bang Bang,10413
Paddington,25202
The Watch,19180
A Few Good Men,2156
Immortals,18100
Desperado,160
Homefront,22132
Big Daddy,2579
Shame,18010
3 Days to Kill,22895
Stoker,20539
Rocky III,2297
Spy Kids,4105
Final Destination 5,17625
Rosemary's Baby,2051
Seven Samurai,1910
The Road to El Dorado,3362
Matilda,813
The Grudge,8220
The Passion of the Christ,7165
Only God Forgives,20967
The Imaginarium of Doctor Parnassus,13914
The Fox and the Hound,1004
Bride Wars,13297
Rambo: First Blood Part II,2289
High School Musical 2,12882
Tremors,6510
Modern Times,3342
Knock Knock,32891
Next,11634
Young Frankenstein,1233
Water for Elephants,17031
Beastly,16206
The Bounty Hunter,14943
Crank: High Voltage,13616
Wild Tales,24902
The World Is Not Enough,2965
Horns,24257
Brazil,1157
Castle in the Sky,6212
The Darjeeling Limited,12091
The Thing,17964
Johnny English,6401
Life As We Know It,15897
How to Lose a Guy in 10 Days,6017
The Addams Family,2015
Spirit: Stallion of the Cimarron,5255
Deep Impact,1767
Daddy's Home,35362
The Wave,13020
Lawrence of Arabia,1162
Basic Instinct,1060
Ride Along,22520
Eastern Promises,12065
National Lampoon’s Van Wilder,5149
The Pacifier,9766
Patch Adams,2318
Point Break,4223
Mr. Peabody & Sherman,22979
Tucker and Dale vs Evil,16384
Air Force One,1535
The Drop,24089
You've Got Mail,2311
High School Musical 3: Senior Year,13044
Rocky Balboa,11446
Jennifer's Body,14156
Tinker Tailor Soldier Spy,17820
Scream 2,1635
The Founder,41654
Beowulf,12187
The Graduate,1202
Ghost in the Shell,723
Buried,15257
Scooby-Doo,5285
Army of Darkness,1172
The Fountain,11263
Inherent Vice,24861
The Final Destination,14165
The Break-Up,10974
RockNRolla,13042
Garfield,7729
A History of Violence,10387
3 Idiots,14732
Cruel Intentions,2428
Colombiana,17667
Saw V,13092
The Boondock Saints,3157
Premium Rush,19334
The Brothers Grimm,10322
The Prince of Egypt,2281
Inside Llewyn Davis,22129
Closer,8254
Concussion,34196
The Girl Next Door,7193
Magnolia,3043
The Bone Collector,2889
Dogma,2935
Blackhat,25836
The Virgin Suicides,3434
Kung Fu Hustle,9733
Safe Haven,20457
Swiss Army Man,38968
Dark City,1661
Falling Down,2904
Devil,15894
Remember the Titans,3792
The Reader,13189
Some Like It Hot,883
Selma,25392
Cinema Paradiso,1132
Hush,37966
Catwoman,7939
The Raid 2,23170
Shakespeare in Love,2283
Fantasia,1237
Into the Storm,24082
Clueless,38
King Arthur,7913
Willy Wonka & the Chocolate Factory,1042
Café Society,38898
Revolutionary Road,13245
Lethal Weapon 3,1893
Letters to Juliet,15310
The Abyss,1092
August Rush,12177
Nymphomaniac: Vol. II,22730
Movie 43,20314
The Time Traveler's Wife,14024
Zoolander 2,35220
Scary Movie 5,20791
Last Vegas,22011
Boogie Nights,1595
Triple 9,36244
Poltergeist,1885
Nausicaä of the Valley of the Wind,6947
ParaNorman,19307
Safe,18906
Master and Commander: The Far Side of the World,6796
Zathura: A Space Adventure,10561
Paul Blart: Mall Cop,13334
Almost Famous,3773
Carlito's Way,426
Hotel Rwanda,9529
The Longest Yard,10096
Perfect Strangers,38186
The Scorpion King,5179
Rush Hour 3,12001
The Autopsy of Jane Doe,41150
No Escape,32371
The Skin I Live In,17677
Flightplan,10384
Along Came Polly,7020
Point Break,34889
T2 Trainspotting,42175
42,20759
Okja,43645
Grimsby,36258
The Thin Red Line,2314
Akira,1229
The Assassination of Jesse James by the Coward Robert Ford,12109
Killers,15242
The Talented Mr. Ripley,3059
The Bélier Family,29703
"As Above, So Below",24015
Confessions of a Shopaholic,13554
Meet the Robinsons,11727
You're Next,21482
The Punisher,7272
30 Days of Night,12097
Savages,19151
Pandorum,14134
Asterix & Obelix: Mission Cleopatra,9260
Lethal Weapon 4,1809
The Life Aquatic with Steve Zissou,9541
Locke,23276
S.W.A.T.,6446
Hardcore Henry,33050
What We Do in the Shadows,24343
Scary Movie 4,10927
The Book of Life,24464
Gamer,14166
Contraband,18341
The Best of Me,24350
Jarhead,10517
Bridget Jones: The Edge of Reason,8242
Mr. Popper's Penguins,17282
Billy Elliot,3842
From Russia with Love,2832
A Nightmare on Elm Street,15185
The Little Prince,33324
St. Vincent,24372
Clerks,219
Kiki's Delivery Service,8927
The Ninth Gate,3237
The Parent Trap,1950
Happy Gilmore,102
Thelma & Louise,3298
J. Edgar,18064
Mad Max Beyond Thunderdome,3582
Two Is a Family,42886
Shallow Hal,4760
Trading Places,2922
Scent of a Woman,3134
True Romance,550
Kung Fury,30061
Carnage,17987
Evil Dead II,1216
From Hell,4735
Aliens vs Predator: Requiem,12284
Blue Velvet,1967
Saw: The Final Chapter,16053
"Honey, I Shrunk the Kids",1945
Season of the Witch,16463
Shanghai Noon,3502
Bronson,14052
Babe,33
The Great Dictator,1236
Never Let Me Go,15922
Saw VI,14359
The Men Who Stare at Goats,14141
Silence,33362
Commando,6515
The Change-Up,17599
Event Horizon,1518
Killing Them Softly,19707
Fences,41562
Magic in the Moonlight,23861
Scream 3,3155
Attack the Block,17204
21 & Over,20450
Atomic Blonde,44632
Adventureland,13550
"Girl, Interrupted",3069
The Last of the Mohicans,1357
Singin' in the Rain,872
The Great Beauty,21351
New Year's Eve,18288
Stranger Than Fiction,11125
Predator 2,3575
Nanny McPhee,10762
The Elephant Man,2200
Solace,34516
The Name of the Rose,2354
Wayne's World,3135
Hairspray,11812
Jackie,41468
A Cinderella Story,7916
Ouija: Origin of Evil,40953
Mommy,25465
Paperman,19901
Zack and Miri Make a Porno,13008
Paranormal Activity 2,16031
Before Sunset,7911
The SpongeBob Movie: Sponge Out of Water,28450
Walk the Line,10556
The Incredible Burt Wonderstone,20597
Out of the Furnace,21605
Vantage Point,12415
The Great Escape,1217
Jeepers Creepers,4614
Gandhi,1248
Green Zone,14894
Erin Brockovich,3289
Sleepers,1031
Big Trouble in Little China,3618
Hard Candy,10928
The Princess Diaries 2: Royal Engagement,8081
Extremely Loud & Incredibly Close,18206
The Hills Have Eyes,10857
The First Time,20634
Last Action Hero,480
Cheaper by the Dozen,7008
Band of Brothers,43190
The Counselor,21848
101 Dalmatians,1318
Lockout,18735
Galaxy Quest,3058
The Wind Rises,21429
Escape from New York,1094
The Master,19429
The Best Offer,21125
Cars 3,43294
Æon Flux,10371
Tron,1996
The Nutty Professor,768
Ghosts of Girlfriends Past,13843
Magic Mike XXL,31322
Legend of the Guardians: The Owls of Ga'Hoole,15834
To the Bone,42537
The Running Man,3576
Seeking a Friend for the End of the World,19100
Sister Act,3129
Australia,13128
The Smurfs 2,21381
K-PAX,4744
Priest,17108
Three Kings,2774
Harold & Kumar Go to White Castle,8080
The Bank Job,12442
Flubber,1622
Shanghai Knights,6018
Storks,40608
Munich,10641
Deliver Us from Evil,23717
Midnight Special,28811
Doctor Dolittle,1802
Aloha,30185
White Chicks,7832
Killer Elite,17842
The Rocky Horror Picture Show,2542
Rambo III,2291
The Secret World of Arrietty,16383
"I, Frankenstein",22646
Dope,27864
I Know What You Did Last Summer,1566
Victor Frankenstein,32486
Pete's Dragon,39336
The Man from Earth,12182
House of Wax,10013
Green Room,32801
La Haine,95
The Way Way Back,21054
Chicago,5853
The Lion King 1½,9353
Cape Fear,1295
It's Kind of a Funny Story,15851
She's the Man,10840
Two Night Stand,24270
What's Your Number?,18028
The Boxtrolls,24208
The Lake House,11001
The Dark Tower,45014
Bad Grandpa,21938
Rocky V,2299
What If,21598
Alvin and the Chipmunks: The Squeakquel,14562
Rushmore,2282
Star Trek II: The Wrath of Khan,1325
We Need to Talk About Kevin,17973
Around the World in 80 Days,7827
Antichrist,13748
Babylon A.D.,12912
My Big Fat Greek Wedding,5165
Mr. Holmes,30468
Paranormal Activity 3,17996
Dog Day Afternoon,3244
Reign of Fire,5329
From Paris with Love,14899
Ip Man 2,15571
Mr. Bean's Holiday,11774
Splice,15300
Eddie the Eagle,36013
Idiocracy,11257
The Bodyguard,3139
The Ghost Writer,14845
The Dreamers,7112
All Is Lost,21907
Step Up Revolution,19862
The Boat That Rocked,13598
Automata,24291
To Kill a Mockingbird,1164
Open Season,11311
16 Blocks,10817
The Exorcism of Emily Rose,10383
EuroTrip,7164
We Are Your Friends,32712
Before I Go to Sleep,24075
Run Lola Run,2577
Star Trek: First Contact,1308
Primer,8187
Peter Pan,7011
Push,13378
Thank You for Smoking,10841
Ronin,2165
"Everything, Everything",43220
The Texas Chainsaw Massacre,6731
Memoirs of a Geisha,10599
Sing Street,37863
Beauty and the Beast,23216
Dark Skies,20505
National Lampoon's Christmas Vacation,2310
Frank,23631
Team America: World Police,8190
Bad Santa,6805
Hannibal Rising,11560
Metropolis,1901
Wild Hogs,11652
Wild Card,28165
Gremlins 2: The New Batch,1895
Conan the Barbarian,1515
Arthur and the Invisibles,11500
Pride and Prejudice and Zombies,35581
Marie Antoinette,11019
Dilwale Dulhania Le Jayenge,10309
Starsky & Hutch,7172
Demolition,32951
The Guest,24038
Ben-Hur,1242
Mr. Deeds,5315
The Curse of the Were-Rabbit,10411
Anna Karenina,19734
The Land Before Time,4391
Butch Cassidy and the Sundance Kid,1258
Hot Pursuit,29926
"Good Morning, Vietnam",3328
Step Up 2: The Streets,12417
Stuck in Love,21243
A Dog's Purpose,41814
Let Me In,15889
Eat Pray Love,15815
Death Becomes Her,3140
Four Weddings and a Funeral,352
Coherence,24000
Taxi,7877
Wrong Turn,6234
Green Street Hooligans,10386
The Orphanage,12228
Before I Fall,42185
Brothers,14452
Evolution,4215
Adaptation.,5764
Step Up All In,23830
The Crazies,14872
Nebraska,21694
Hero,6938
Dead Man Down,20549
Daybreakers,14620
The Ring Two,9475
Hollow Man,3703
The November Man,24191
Primal Fear,619
Seven Years in Tibet,1545
The Time Machine,5040
Judge Dredd,170
Kindergarten Cop,6852
Gothika,6801
Legion,14740
Superman II,2527
Machete Kills,21815
Ben-Hur,26556
Highlander,1230
I Now Pronounce You Chuck & Larry,11928
25th Hour,5816
Ed Wood,231
Fun with Dick and Jane,10646
The Signal,23758
The Sting,1190
The Secret in Their Eyes,14115
"Definitely, Maybe",12408
Welcome to the Sticks,12770
Legends of the Fall,262
High Fidelity,3361
Gulliver's Travels,16347
Home Alone 3,1627
Tombstone,548
The Wedding Ringer,28175
Stuart Little 2,5346
Oldboy,22276
Patriots Day,41888
Garden State,8057
Dirty Harry,4725
Cinderella Man,10099
Sleepless in Seattle,534
Frozen Fever,28665
Filth,21817
Brick Mansions,23263
Milk,13131
Repo Men,14963
Hall Pass,16761
Beverly Hills Cop II,3958
About a Boy,5243
Get Him to the Greek,15289
Youth,30079
Max Payne,13006
Anaconda,1436
Das Boot,1189
Triangle,14784
Friday the 13th,1865
Fuck You Goethe,22339
Dogville,7218
Jack and Jill,18101
Blazing Saddles,3549
Doom,10368
Labyrinth,1858
Four Brothers,10263
The Texas Chain Saw Massacre,2346
Fright Night,17652
Deep Blue Sea,2607
Surf's Up,11863
City of Ember,13001
Police Academy,2265
My Sister's Keeper,13863
Entrapment,2491
Conan the Barbarian,17688
What to Expect When You're Expecting,19079
Monte Carlo,17432
Inkheart,13318
The Box,14417
The Rescuers,1981
The Perfect Storm,3633
Keeping Up with the Joneses,40952
Drive Angry,16737
Freddy vs. Jason,6466
The Peanuts Movie,34215
My Best Friend's Wedding,1498
The Amityville Horror,9987
Sinister 2,32307
Once Upon a Time in Mexico,6560
Child's Play,1882
John Q,4977
Maggie,29921
Vampire Academy,23257
The 6th Day,3861
The Cable Guy,764
The Wedding Singer,1683
Bean,1587
"Good bye, Lenin!",7170
Krampus,30542
Couples Retreat,14258
Broken City,20273
Masterminds,39989
Manhattan,1199
Pi,1812
Regression,29576
Irrational Man,31876
Cliffhanger,429
The Switch,15720
Piranha 3D,15653
The Lost City of Z,42868
What Happened to Monday,44624
Here Comes the Boom,19700
The Finest Hours,36148
Dawn of the Dead,7234
Monsters,15910
What Dreams May Come,2184
Mary and Max,14310
Step Up 3D,15736
Just Like Heaven,10334
The Campaign,19268
Poseidon,10971
Paycheck,7010
Bend It Like Beckham,6080
The Spiderwick Chronicles,12416
The Negotiator,1949
The SpongeBob SquarePants Movie,8247
Sisters,35363
Spy Game,4771
The Infiltrator,39537
Babysitting,24865
Night of the Living Dead,941
Blair Witch,40497
Coyote Ugly,3702
Elektra,9617
Troll Hunter,16832
Charlie St. Cloud,15579
Shoot 'Em Up,12043
A Dangerous Method,17822
Hot Shots!,5407
The Skeleton Key,10262
Philomena,22042
Dazed and Confused,436
Dorian Gray,14904
Hummingbird,21168
Frozen,14926
Only Lovers Left Alive,22416
Jingle All the Way,1311
Before Midnight,20488
Tears of the Sun,6075
Burlesque,16379
Martyrs,12983
Escape from Alcatraz,7714
Case 39,14968
Defiance,13255
Where the Wild Things Are,14283
Julie & Julia,13967
The Voices,25247
Blades of Glory,11721
The Rite,16624
Faster,16331
Dune,1912
Paul Blart: Mall Cop 2,29337
A Fish Called Wanda,1047
Robin Hood: Men in Tights,515
Role Models,13064
They Call Me Jeeg Robot,37505
Winter's Bone,15357
Dreamcatcher,6112
Bring It On,3758
Paranormal Activity 4,19653
Planet 51,14484
Red Dawn,19823
The Transporter Refueled,32871
Traffic,3909
Lost Highway,1407
Thunderball,2877
District B13,10700
An American Werewolf in London,1274
The Pink Panther,10793
The Seventh Seal,1193
Music and Lyrics,11595
Sky High,10226
Planes,21419
Awakenings,2988
The Last King of Scotland,11349
"Planes, Trains and Automobiles",3877
Ride Along 2,35976
Napoleon Dynamite,7733
House at the End of the Street,19487
Friday the 13th,13457
Colonia,32033
Criminal,30540
Twins,4430
xXx: State of the Union,10010
The Cobbler,28671
Layer Cake,9469
Child 44,28915
Paths of Glory,1138
To Rome with Love,19080
The Space Between Us,41488
Iron Sky,18789
Dinosaur,3493
Porco Rosso,9005
They Live,4425
The Wolfman,14823
Funny Games,12445
Safety Not Guaranteed,19050
Diamonds Are Forever,3859
Delivery Man,22076
The Girl Who Played with Fire,14839
Walk of Shame,23364
Sabotage,22761
The Fundamentals of Caring,39048
Herbie Fully Loaded,10132
The Flintstones,350
The English Patient,1142
Payback,2377
Wall Street,3882
Ong-Bak: The Thai Warrior,9449
The Naked Gun 2½: The Smell of Fear,3745
Men of Honor,3855
Endless Love,22786
The Legend of 1900,2576
The Bridge on the River Kwai,1205
Eraser,766
American Pie Presents: Band Camp,10491
Letters from Iwo Jima,11492
The Chorus,9456
DragonHeart,643
Eight Below,10808
Old School,6050
Moonraker,3516
Road Trip,3495
The Gambler,27148
A Most Violent Year,25466
Irreversible,6076
Europa Report,21151
Licence to Kill,2874
Gifted,43186
47 Meters Down,39694
The Night Before,33011
Cellular,8133
Raising Arizona,1345
The House Bunny,12894
Runner Runner,21743
Gnomeo & Juliet,16675
The Host,11670
Ruby Sparks,19217
Look Who's Talking,4492
The Lost Boys,4002
The Recruit,5921
A Most Wanted Man,23780
Cold Mountain,7009
Get the Gringo,19024
She's Out of My League,14910
Mr. Brooks,11829
Going in Style,43059
Punch-Drunk Love,5536
The Legend of Hercules,23110
I Am Sam,4884
Dinner for Schmucks,15540
Cheaper by the Dozen 2,10645
Star Trek: The Motion Picture,1322
Smokin' Aces,11555
Office Christmas Party,41471
You Only Live Twice,7329
The Whole Nine Yards,3183
Ghost Ship,5646
Live and Let Die,2875
A Scanner Darkly,9510
The Iron Lady,18358
Four Rooms,17
Dial M for Murder,1054
Rope,2067
Year One,13803
30 Minutes or Less,17604
I Spit on Your Grave,16585
Addams Family Values,405
City of Angels,1728
Amores perros,4108
The Jackal,1609
True Story,27833
The Naked Gun 33⅓: The Final Insult,365
Another Earth,17653
Short Circuit,4417
I Saw the Devil,16311
The X Files: I Want to Believe,12828
Octopussy,7330
Dead Silence,11689
The Man with the Golden Gun,3517
Sunset Boulevard,895
Spy Kids 2: The Island of Lost Dreams,5370
Flags of Our Fathers,11355
Eye in the Sky,37562
"I Love You, Man",13492
Unleashed,10061
Love Me If You Dare,8283
Margin Call,17989
The Core,6126
Rat Race,4599
We Were Soldiers,5021
Exam,15320
The Family Man,3898
Serendipity,4693
The Human Centipede (First Sequence),15132
Brüno,13880
The Choice,38166
Hitchcock,19928
Scouts Guide to the Zombie Apocalypse,32619
Daddy Day Care,6200
Bedazzled,3843
Sex and the City,12641
Footloose,3669
Blood Father,39789
Spy Kids 3-D: Game Over,6417
The 13th Warrior,2711
The Invention of Lying,14231
A Haunted House,20223
"Dude, Where’s My Car?",3890
The Rundown,6615
The Losers,15126
Outbreak,288
A Time to Kill,784
Small Soldiers,1811
Barry Lyndon,2615
The Waterboy,2222
Super Size Me,7788
Race to Witch Mountain,13970
Hostage,9770
G-Force,14044
Scooby-Doo 2: Monsters Unleashed,7216
Elite Squad,12156
Cop Out,14842
The Lazarus Effect,28542
Lars and the Real Girl,12096
WarGames,6827
The Kingdom,12009
Hereafter,16048
Citizenfour,25086
Skyline,16190
The Hundred-Foot Journey,23877
